Title,Views,Uploaded On
Kaam 25: DIVINE | Sacred Games | Netflix,63M views,4 years ago
Squid Game | Official Trailer | Netflix,51M views,1 year ago
Wednesday Addams | Dance Scene | Netflix,42M views,2 months ago
Our Planet | From Deserts to Grasslands | FULL EPISODE | Netflix,31M views,2 years ago
Wednesday Releases Thing In New York | Netflix,30M views,1 month ago
The Mitchells vs. The Machines | Official Trailer | Netflix,28M views,1 year ago
Bird Box | Official Trailer [HD] | Netflix,26M views,4 years ago
Our Planet | Forests | FULL EPISODE | Netflix,26M views,2 years ago
Our Planet | Frozen Worlds | FULL EPISODE | Netflix,26M views,2 years ago
Stranger Things 2 | Official Final Trailer | Netflix,25M views,5 years ago
Our Planet | High Seas | FULL EPISODE | Netflix,24M views,2 years ago
All of Us Are Dead | Official Trailer | Netflix,23M views,1 year ago
El Camino: A Breaking Bad Movie | Official Trailer | Netflix,21M views,3 years ago
Our Planet | One Planet | FULL EPISODE | Netflix,21M views,2 years ago
Our Planet | Coastal Seas | FULL EPISODE | Netflix,21M views,2 years ago
#realityhigh | Official Trailer [HD] | Netflix,20M views,5 years ago
THE GRAY MAN | Official Trailer | Netflix,20M views,8 months ago
Cuties | Official Trailer | Netflix,18M views,2 years ago
The Kissing Booth Cast Kisses A Hairless Cat & Other Weird Stuff | Kiss & Tell | Netflix,18M views,4 years ago
Lust Stories | Official Trailer | Netflix,17M views,4 years ago
Wednesday Addams | Official Teaser | Netflix,17M views,5 months ago
Wednesday Addams | Season 2 Announcement | Netflix,17M views,2 weeks ago
Extraction | Official Trailer | Screenplay by JOE RUSSO Directed by SAM HARGRAVE | Netflix,17M views,2 years ago
"DON'T LOOK UP | Leonardo DiCaprio, Jennifer Lawrence | Official Trailer | Netflix",16M views,1 year ago
The Devil All The Time starring Tom Holland & Robert Pattinson | Official Trailer | Netflix,16M views,2 years ago
Army of the Dead | Official Trailer | Netflix,16M views,1 year ago
Narcos | Opening Credits [HD] | Netflix,16M views,7 years ago
DON’T LOOK UP | Official Teaser Trailer | Netflix,16M views,1 year ago
The Perfect Date | Official Trailer [HD] | Netflix,15M views,3 years ago
Man Vs Bee | Official Trailer | Netflix,15M views,8 months ago
"Pamela, a love story | Official Trailer | Netflix",1M views,2 weeks ago
Kings of Jo'burg: Season 2 | Official Trailer | Netflix,93K views,2 weeks ago
True Spirit | Official Trailer | Netflix,962K views,2 weeks ago
YOU: Season 4 Part 1 | Official Trailer | Netflix,4.6M views,2 weeks ago
The Snow Girl | Official Trailer | Netflix,193K views,2 weeks ago
Welcome back Bob!,1.4M views,2 weeks ago
New Year New Seasons | Official Trailer | Netflix,3.1M views,2 weeks ago
Wednesday Addams | Season 2 Announcement | Netflix,17M views,2 weeks ago
Freeridge | Official Teaser | Netflix,658K views,2 weeks ago
Bake Squad: Season 2 | Official Trailer | Netflix,47K views,2 weeks ago
Break Point | Official Trailer | Netflix,451K views,3 weeks ago
You People | feat. Eddie Murphy and Jonah Hill | Official Trailer | Netflix,9.2M views,3 weeks ago
JUNG_E | Official Trailer | Netflix,1.8M views,3 weeks ago
The Circle: Season 5 | Official Clip Shubbys Back | Netflix,31K views,3 weeks ago
Pressure Cooker | Official Trailer | Netflix,78K views,3 weeks ago
Sky Rojo: Season 3 | Official Trailer | Netflix,117K views,3 weeks ago
Ginny & Georgia | Season 1 Recap | Netflix,547K views,3 weeks ago
White Noise | Official Clip | Netflix,445K views,3 weeks ago
Netflix 2022 Year in Rewind,250K views,4 weeks ago
Interview from the Hair Chair: Debra Jo Rupp & Kurtwood Smith,466K views,4 weeks ago
"Roald Dahl's Matilda the Musical | Dance, Maggots, Dance! | Netflix",259K views,4 weeks ago
The Swimmers | Diving In | Netflix,52K views,4 weeks ago
My Next Guest with David Letterman and Volodymyr Zelenskyy | Full Episode | Netflix,579K views,1 month ago
Lindsay Lohan Reads Twelve Days of Christmas | Netflix,40K views,1 month ago
Roald Dahl's Matilda the Musical | Becoming Trunchbull | Netflix,169K views,1 month ago
Dance Monsters | Behind The Scenes | Netflix,165K views,1 month ago
That '90s Show | Official Trailer | Netflix,8.8M views,1 month ago
True Story | The Swimmers | Netflix,56K views,1 month ago
AlKhallat+ | Official Trailer | Netflix,222K views,1 month ago
Our Planet | Jungles | FULL EPISODE | Netflix,15M views,2 years ago
365 Days: This Day | Official Trailer | Netflix,14M views,9 months ago
7 Moments From SEX/LIFE That Make Us Blush | Netflix,14M views,1 year ago
Lucifer Season 5 | Official Trailer | Netflix,14M views,2 years ago
Netflix 2022 Movie Preview | Official Trailer,14M views,11 months ago
The Kissing Booth 2 | Official Sequel Trailer | Netflix,14M views,2 years ago
Gerald's Game | Official Trailer [HD] | Netflix,13M views,5 years ago
SAVE THE DATES | 2023 Films Preview | Official Trailer | Netflix,13M views,8 days ago
Glass Onion: A Knives Out Mystery | Official Trailer | Netflix,13M views,2 months ago
Enola Holmes | Official Trailer | Netflix,13M views,2 years ago
Beasts of No Nation | Official Trailer [HD] | Netflix,13M views,7 years ago
Marvel's Jessica Jones | Official Trailer [HD] | Netflix,13M views,7 years ago
Elite | Official Trailer | Netflix,13M views,4 years ago
13TH | FULL FEATURE | Netflix,13M views,2 years ago
Glass Onion: A Knives Out Mystery | Official Teaser Trailer | Netflix,13M views,4 months ago
Joey King & Jacob Elordi American vs. Australian Word Battle | The Kissing Booth | Netflix,13M views,4 years ago
Welcome to Our World | Celebrating Asian & Asian American Stories | Netflix,13M views,1 year ago
6 Underground starring Ryan Reynolds | Official Trailer | Netflix,13M views,3 years ago
Money Heist: Part 4 | Official Trailer | Netflix,13M views,2 years ago
Stranger Things | Cast Reacts: Virtual Reality [HD] | Netflix,13M views,6 years ago
Our Planet | Fresh Water | FULL EPISODE | Netflix,13M views,2 years ago
13 Reasons Why: Season 2 | Official Trailer | Netflix,13M views,4 years ago
The Umbrella Academy | Official Trailer | Netflix,12M views,4 years ago
Bright | Official Trailer | Netflix,12M views,5 years ago
Brain On Fire | Official Trailer [HD] | Netflix,12M views,4 years ago
Sex Education | Season 3 | Official Trailer | Netflix,12M views,1 year ago
TROLL | Official Trailer | Netflix,12M views,2 months ago
Marvel's Iron Fist | Official Trailer [HD] | Netflix,12M views,5 years ago
Sex Education: Season 2 | Official Trailer | Netflix,12M views,3 years ago
Kaam 25: DIVINE | Sacred Games | Netflix,63M views,4 years ago
Squid Game | Official Trailer | Netflix,51M views,1 year ago
Wednesday Addams | Dance Scene | Netflix,42M views,2 months ago
Our Planet | From Deserts to Grasslands | FULL EPISODE | Netflix,31M views,2 years ago
Wednesday Releases Thing In New York | Netflix,30M views,1 month ago
The Mitchells vs. The Machines | Official Trailer | Netflix,28M views,1 year ago
Bird Box | Official Trailer [HD] | Netflix,26M views,4 years ago
Our Planet | Forests | FULL EPISODE | Netflix,26M views,2 years ago
Our Planet | Frozen Worlds | FULL EPISODE | Netflix,26M views,2 years ago
Stranger Things 2 | Official Final Trailer | Netflix,25M views,5 years ago
Our Planet | High Seas | FULL EPISODE | Netflix,24M views,2 years ago
All of Us Are Dead | Official Trailer | Netflix,23M views,1 year ago
El Camino: A Breaking Bad Movie | Official Trailer | Netflix,21M views,3 years ago
Our Planet | One Planet | FULL EPISODE | Netflix,21M views,2 years ago
Our Planet | Coastal Seas | FULL EPISODE | Netflix,21M views,2 years ago
#realityhigh | Official Trailer [HD] | Netflix,20M views,5 years ago
THE GRAY MAN | Official Trailer | Netflix,20M views,8 months ago
Cuties | Official Trailer | Netflix,18M views,2 years ago
The Kissing Booth Cast Kisses A Hairless Cat & Other Weird Stuff | Kiss & Tell | Netflix,18M views,4 years ago
Lust Stories | Official Trailer | Netflix,17M views,4 years ago
Wednesday Addams | Official Teaser | Netflix,17M views,5 months ago
Wednesday Addams | Season 2 Announcement | Netflix,17M views,2 weeks ago
Extraction | Official Trailer | Screenplay by JOE RUSSO Directed by SAM HARGRAVE | Netflix,17M views,2 years ago
"DON'T LOOK UP | Leonardo DiCaprio, Jennifer Lawrence | Official Trailer | Netflix",16M views,1 year ago
The Devil All The Time starring Tom Holland & Robert Pattinson | Official Trailer | Netflix,16M views,2 years ago
Army of the Dead | Official Trailer | Netflix,16M views,1 year ago
Narcos | Opening Credits [HD] | Netflix,16M views,7 years ago
DON’T LOOK UP | Official Teaser Trailer | Netflix,16M views,1 year ago
The Perfect Date | Official Trailer [HD] | Netflix,15M views,3 years ago
Man Vs Bee | Official Trailer | Netflix,15M views,8 months ago
"Pamela, a love story | Official Trailer | Netflix",1M views,2 weeks ago
Kings of Jo'burg: Season 2 | Official Trailer | Netflix,93K views,2 weeks ago
True Spirit | Official Trailer | Netflix,962K views,2 weeks ago
YOU: Season 4 Part 1 | Official Trailer | Netflix,4.6M views,2 weeks ago
The Snow Girl | Official Trailer | Netflix,193K views,2 weeks ago
Welcome back Bob!,1.4M views,2 weeks ago
New Year New Seasons | Official Trailer | Netflix,3.1M views,2 weeks ago
Wednesday Addams | Season 2 Announcement | Netflix,17M views,2 weeks ago
Freeridge | Official Teaser | Netflix,658K views,2 weeks ago
Bake Squad: Season 2 | Official Trailer | Netflix,47K views,2 weeks ago
Break Point | Official Trailer | Netflix,451K views,3 weeks ago
You People | feat. Eddie Murphy and Jonah Hill | Official Trailer | Netflix,9.2M views,3 weeks ago
JUNG_E | Official Trailer | Netflix,1.8M views,3 weeks ago
The Circle: Season 5 | Official Clip Shubbys Back | Netflix,31K views,3 weeks ago
Pressure Cooker | Official Trailer | Netflix,78K views,3 weeks ago
Sky Rojo: Season 3 | Official Trailer | Netflix,117K views,3 weeks ago
Ginny & Georgia | Season 1 Recap | Netflix,547K views,3 weeks ago
White Noise | Official Clip | Netflix,445K views,3 weeks ago
Netflix 2022 Year in Rewind,250K views,4 weeks ago
Interview from the Hair Chair: Debra Jo Rupp & Kurtwood Smith,466K views,4 weeks ago
"Roald Dahl's Matilda the Musical | Dance, Maggots, Dance! | Netflix",259K views,4 weeks ago
The Swimmers | Diving In | Netflix,52K views,4 weeks ago
My Next Guest with David Letterman and Volodymyr Zelenskyy | Full Episode | Netflix,579K views,1 month ago
Lindsay Lohan Reads Twelve Days of Christmas | Netflix,40K views,1 month ago
Roald Dahl's Matilda the Musical | Becoming Trunchbull | Netflix,169K views,1 month ago
Dance Monsters | Behind The Scenes | Netflix,165K views,1 month ago
That '90s Show | Official Trailer | Netflix,8.8M views,1 month ago
True Story | The Swimmers | Netflix,56K views,1 month ago
AlKhallat+ | Official Trailer | Netflix,222K views,1 month ago
Our Planet | Jungles | FULL EPISODE | Netflix,15M views,2 years ago
365 Days: This Day | Official Trailer | Netflix,14M views,9 months ago
7 Moments From SEX/LIFE That Make Us Blush | Netflix,14M views,1 year ago
Lucifer Season 5 | Official Trailer | Netflix,14M views,2 years ago
Netflix 2022 Movie Preview | Official Trailer,14M views,11 months ago
The Kissing Booth 2 | Official Sequel Trailer | Netflix,14M views,2 years ago
Gerald's Game | Official Trailer [HD] | Netflix,13M views,5 years ago
SAVE THE DATES | 2023 Films Preview | Official Trailer | Netflix,13M views,8 days ago
Glass Onion: A Knives Out Mystery | Official Trailer | Netflix,13M views,2 months ago
Enola Holmes | Official Trailer | Netflix,13M views,2 years ago
Beasts of No Nation | Official Trailer [HD] | Netflix,13M views,7 years ago
Marvel's Jessica Jones | Official Trailer [HD] | Netflix,13M views,7 years ago
Elite | Official Trailer | Netflix,13M views,4 years ago
13TH | FULL FEATURE | Netflix,13M views,2 years ago
Glass Onion: A Knives Out Mystery | Official Teaser Trailer | Netflix,13M views,4 months ago
Joey King & Jacob Elordi American vs. Australian Word Battle | The Kissing Booth | Netflix,13M views,4 years ago
Welcome to Our World | Celebrating Asian & Asian American Stories | Netflix,13M views,1 year ago
6 Underground starring Ryan Reynolds | Official Trailer | Netflix,13M views,3 years ago
Money Heist: Part 4 | Official Trailer | Netflix,13M views,2 years ago
Stranger Things | Cast Reacts: Virtual Reality [HD] | Netflix,13M views,6 years ago
Our Planet | Fresh Water | FULL EPISODE | Netflix,13M views,2 years ago
13 Reasons Why: Season 2 | Official Trailer | Netflix,13M views,4 years ago
The Umbrella Academy | Official Trailer | Netflix,12M views,4 years ago
Bright | Official Trailer | Netflix,12M views,5 years ago
Brain On Fire | Official Trailer [HD] | Netflix,12M views,4 years ago
Sex Education | Season 3 | Official Trailer | Netflix,12M views,1 year ago
TROLL | Official Trailer | Netflix,12M views,2 months ago
Marvel's Iron Fist | Official Trailer [HD] | Netflix,12M views,5 years ago
Sex Education: Season 2 | Official Trailer | Netflix,12M views,3 years ago
Insatiable | Official Trailer | Netflix,12M views,4 years ago
Explained | The Stock Market | FULL EPISODE | Netflix,12M views,2 years ago
One Story Away | Netflix,12M views,2 years ago
Ozark | Official Trailer [HD] | Netflix,11M views,5 years ago
The Kissing Booth 3 Exclusive Sneak Peek | Netflix,11M views,2 years ago
D Smoke Stuns in the Finale with Last Supper | Rhythm + Flow | Netflix,11M views,3 years ago
SPOILER ALERT | Cast Try Stranger Thing 3 Video Game for the First Time | Netflix,11M views,3 years ago
Murder Mystery | Trailer | Netflix,11M views,3 years ago
Marvel's Daredevil | Official Trailer [HD] | Netflix,11M views,7 years ago
THE CUPHEAD SHOW! | Official Trailer | Netflix,11M views,1 year ago
Project Power starring Jamie Foxx | Official Trailer | Netflix,11M views,2 years ago
1899 | Official Trailer | Netflix,11M views,3 months ago
JoJo’s Bizarre Adventure STONE OCEAN | Official Trailer | Netflix,10M views,1 year ago
Death Note | Teaser [HD] | Netflix,10M views,5 years ago
The Crown | Official Trailer | Netflix,10M views,6 years ago
The Social Dilemma | Official Trailer | Netflix,10M views,2 years ago
BLONDE | From Writer and Director Andrew Dominik | Official Trailer | Netflix,10M views,5 months ago
SENIOR YEAR starring Rebel Wilson | Official Trailer | Netflix,10M views,9 months ago
How It Ends | Official Trailer [HD] | Netflix,10M views,4 years ago
El Camino: A Breaking Bad Movie | Date Announcement | Netflix,10M views,3 years ago
The Irishman | Official Trailer | Netflix,10M views,3 years ago
The Half of It | Official Trailer | Netflix,10M views,2 years ago
Cargo | Official Trailer [HD] | Netflix,10M views,4 years ago
Never Have I Ever | Official Trailer | Netflix,10M views,2 years ago
The Old Guard | Official Trailer | Netflix,10M views,2 years ago
The Kissing Booth | Noah and Elle's First Kiss | Netflix,10M views,4 years ago
Stranger Things | Official Final Trailer | Netflix,10M views,6 years ago
The Crown | Season 5 Official Trailer | Netflix,10M views,3 months ago
Kaam 25: DIVINE | Sacred Games | Netflix,63M views,4 years ago
Squid Game | Official Trailer | Netflix,51M views,1 year ago
Wednesday Addams | Dance Scene | Netflix,42M views,2 months ago
Our Planet | From Deserts to Grasslands | FULL EPISODE | Netflix,31M views,2 years ago
Wednesday Releases Thing In New York | Netflix,30M views,1 month ago
The Mitchells vs. The Machines | Official Trailer | Netflix,28M views,1 year ago
Bird Box | Official Trailer [HD] | Netflix,26M views,4 years ago
Our Planet | Forests | FULL EPISODE | Netflix,26M views,2 years ago
Our Planet | Frozen Worlds | FULL EPISODE | Netflix,26M views,2 years ago
Stranger Things 2 | Official Final Trailer | Netflix,25M views,5 years ago
Our Planet | High Seas | FULL EPISODE | Netflix,24M views,2 years ago
All of Us Are Dead | Official Trailer | Netflix,23M views,1 year ago
El Camino: A Breaking Bad Movie | Official Trailer | Netflix,21M views,3 years ago
Our Planet | One Planet | FULL EPISODE | Netflix,21M views,2 years ago
Our Planet | Coastal Seas | FULL EPISODE | Netflix,21M views,2 years ago
#realityhigh | Official Trailer [HD] | Netflix,20M views,5 years ago
THE GRAY MAN | Official Trailer | Netflix,20M views,8 months ago
Cuties | Official Trailer | Netflix,18M views,2 years ago
The Kissing Booth Cast Kisses A Hairless Cat & Other Weird Stuff | Kiss & Tell | Netflix,18M views,4 years ago
Lust Stories | Official Trailer | Netflix,17M views,4 years ago
Wednesday Addams | Official Teaser | Netflix,17M views,5 months ago
Wednesday Addams | Season 2 Announcement | Netflix,17M views,2 weeks ago
Extraction | Official Trailer | Screenplay by JOE RUSSO Directed by SAM HARGRAVE | Netflix,17M views,2 years ago
"DON'T LOOK UP | Leonardo DiCaprio, Jennifer Lawrence | Official Trailer | Netflix",16M views,1 year ago
The Devil All The Time starring Tom Holland & Robert Pattinson | Official Trailer | Netflix,16M views,2 years ago
Army of the Dead | Official Trailer | Netflix,16M views,1 year ago
Narcos | Opening Credits [HD] | Netflix,16M views,7 years ago
DON’T LOOK UP | Official Teaser Trailer | Netflix,16M views,1 year ago
The Perfect Date | Official Trailer [HD] | Netflix,15M views,3 years ago
Man Vs Bee | Official Trailer | Netflix,15M views,8 months ago
"Pamela, a love story | Official Trailer | Netflix",1M views,2 weeks ago
Kings of Jo'burg: Season 2 | Official Trailer | Netflix,93K views,2 weeks ago
True Spirit | Official Trailer | Netflix,962K views,2 weeks ago
YOU: Season 4 Part 1 | Official Trailer | Netflix,4.6M views,2 weeks ago
The Snow Girl | Official Trailer | Netflix,193K views,2 weeks ago
Welcome back Bob!,1.4M views,2 weeks ago
New Year New Seasons | Official Trailer | Netflix,3.1M views,2 weeks ago
Wednesday Addams | Season 2 Announcement | Netflix,17M views,2 weeks ago
Freeridge | Official Teaser | Netflix,658K views,2 weeks ago
Bake Squad: Season 2 | Official Trailer | Netflix,47K views,2 weeks ago
Break Point | Official Trailer | Netflix,451K views,3 weeks ago
You People | feat. Eddie Murphy and Jonah Hill | Official Trailer | Netflix,9.2M views,3 weeks ago
JUNG_E | Official Trailer | Netflix,1.8M views,3 weeks ago
The Circle: Season 5 | Official Clip Shubbys Back | Netflix,31K views,3 weeks ago
Pressure Cooker | Official Trailer | Netflix,78K views,3 weeks ago
Sky Rojo: Season 3 | Official Trailer | Netflix,117K views,3 weeks ago
Ginny & Georgia | Season 1 Recap | Netflix,547K views,3 weeks ago
White Noise | Official Clip | Netflix,445K views,3 weeks ago
Netflix 2022 Year in Rewind,250K views,4 weeks ago
Interview from the Hair Chair: Debra Jo Rupp & Kurtwood Smith,466K views,4 weeks ago
"Roald Dahl's Matilda the Musical | Dance, Maggots, Dance! | Netflix",259K views,4 weeks ago
The Swimmers | Diving In | Netflix,52K views,4 weeks ago
My Next Guest with David Letterman and Volodymyr Zelenskyy | Full Episode | Netflix,579K views,1 month ago
Lindsay Lohan Reads Twelve Days of Christmas | Netflix,40K views,1 month ago
Roald Dahl's Matilda the Musical | Becoming Trunchbull | Netflix,169K views,1 month ago
Dance Monsters | Behind The Scenes | Netflix,165K views,1 month ago
That '90s Show | Official Trailer | Netflix,8.8M views,1 month ago
True Story | The Swimmers | Netflix,56K views,1 month ago
AlKhallat+ | Official Trailer | Netflix,222K views,1 month ago
Our Planet | Jungles | FULL EPISODE | Netflix,15M views,2 years ago
365 Days: This Day | Official Trailer | Netflix,14M views,9 months ago
7 Moments From SEX/LIFE That Make Us Blush | Netflix,14M views,1 year ago
Lucifer Season 5 | Official Trailer | Netflix,14M views,2 years ago
Netflix 2022 Movie Preview | Official Trailer,14M views,11 months ago
The Kissing Booth 2 | Official Sequel Trailer | Netflix,14M views,2 years ago
Gerald's Game | Official Trailer [HD] | Netflix,13M views,5 years ago
SAVE THE DATES | 2023 Films Preview | Official Trailer | Netflix,13M views,8 days ago
Glass Onion: A Knives Out Mystery | Official Trailer | Netflix,13M views,2 months ago
Enola Holmes | Official Trailer | Netflix,13M views,2 years ago
Beasts of No Nation | Official Trailer [HD] | Netflix,13M views,7 years ago
Marvel's Jessica Jones | Official Trailer [HD] | Netflix,13M views,7 years ago
Elite | Official Trailer | Netflix,13M views,4 years ago
13TH | FULL FEATURE | Netflix,13M views,2 years ago
Glass Onion: A Knives Out Mystery | Official Teaser Trailer | Netflix,13M views,4 months ago
Joey King & Jacob Elordi American vs. Australian Word Battle | The Kissing Booth | Netflix,13M views,4 years ago
Welcome to Our World | Celebrating Asian & Asian American Stories | Netflix,13M views,1 year ago
6 Underground starring Ryan Reynolds | Official Trailer | Netflix,13M views,3 years ago
Money Heist: Part 4 | Official Trailer | Netflix,13M views,2 years ago
Stranger Things | Cast Reacts: Virtual Reality [HD] | Netflix,13M views,6 years ago
Our Planet | Fresh Water | FULL EPISODE | Netflix,13M views,2 years ago
13 Reasons Why: Season 2 | Official Trailer | Netflix,13M views,4 years ago
The Umbrella Academy | Official Trailer | Netflix,12M views,4 years ago
Bright | Official Trailer | Netflix,12M views,5 years ago
Brain On Fire | Official Trailer [HD] | Netflix,12M views,4 years ago
Sex Education | Season 3 | Official Trailer | Netflix,12M views,1 year ago
TROLL | Official Trailer | Netflix,12M views,2 months ago
Marvel's Iron Fist | Official Trailer [HD] | Netflix,12M views,5 years ago
Sex Education: Season 2 | Official Trailer | Netflix,12M views,3 years ago
Insatiable | Official Trailer | Netflix,12M views,4 years ago
Explained | The Stock Market | FULL EPISODE | Netflix,12M views,2 years ago
One Story Away | Netflix,12M views,2 years ago
Ozark | Official Trailer [HD] | Netflix,11M views,5 years ago
The Kissing Booth 3 Exclusive Sneak Peek | Netflix,11M views,2 years ago
D Smoke Stuns in the Finale with Last Supper | Rhythm + Flow | Netflix,11M views,3 years ago
SPOILER ALERT | Cast Try Stranger Thing 3 Video Game for the First Time | Netflix,11M views,3 years ago
Murder Mystery | Trailer | Netflix,11M views,3 years ago
Marvel's Daredevil | Official Trailer [HD] | Netflix,11M views,7 years ago
THE CUPHEAD SHOW! | Official Trailer | Netflix,11M views,1 year ago
Project Power starring Jamie Foxx | Official Trailer | Netflix,11M views,2 years ago
1899 | Official Trailer | Netflix,11M views,3 months ago
JoJo’s Bizarre Adventure STONE OCEAN | Official Trailer | Netflix,10M views,1 year ago
Death Note | Teaser [HD] | Netflix,10M views,5 years ago
The Crown | Official Trailer | Netflix,10M views,6 years ago
The Social Dilemma | Official Trailer | Netflix,10M views,2 years ago
BLONDE | From Writer and Director Andrew Dominik | Official Trailer | Netflix,10M views,5 months ago
SENIOR YEAR starring Rebel Wilson | Official Trailer | Netflix,10M views,9 months ago
How It Ends | Official Trailer [HD] | Netflix,10M views,4 years ago
El Camino: A Breaking Bad Movie | Date Announcement | Netflix,10M views,3 years ago
The Irishman | Official Trailer | Netflix,10M views,3 years ago
The Half of It | Official Trailer | Netflix,10M views,2 years ago
Cargo | Official Trailer [HD] | Netflix,10M views,4 years ago
Never Have I Ever | Official Trailer | Netflix,10M views,2 years ago
The Old Guard | Official Trailer | Netflix,10M views,2 years ago
The Kissing Booth | Noah and Elle's First Kiss | Netflix,10M views,4 years ago
Stranger Things | Official Final Trailer | Netflix,10M views,6 years ago
The Crown | Season 5 Official Trailer | Netflix,10M views,3 months ago
The Man From Toronto | Kevin Hart and Woody Harrelson | Official Trailer | Netflix,9.8M views,7 months ago
The Ridiculous 6 | Official Trailer [HD] | Netflix,9.7M views,7 years ago
Chilling Adventures of Sabrina | Straight to Hell Music Video Trailer | Netflix,9.7M views,3 years ago
The Adam Project | Official Trailer | Netflix,9.6M views,10 months ago
The Platform | Main Trailer | Netflix,9.6M views,2 years ago
Lust Stories | Real Relationships | Netflix,9.6M views,4 years ago
Sense8 | Official Trailer [HD] | Netflix,9.6M views,7 years ago
TO ALL THE BOYS 2: P.S. I Still Love You | Official Sequel Trailer 2 | Netflix,9.5M views,3 years ago
Slumberland | Official Trailer | Netflix,9.5M views,3 months ago
Mowgli: Legend of the Jungle | Official Trailer [HD] | Netflix,9.4M views,4 years ago
iBoy | Official Trailer [HD] | Netflix,9.4M views,6 years ago
Our Universe | Official Trailer | Netflix,9.3M views,2 months ago
Money Heist: Part 3 | Official Trailer | Netflix,9.3M views,3 years ago
LOVE DEATH + ROBOTS VOLUME 3 | Official Trailer | Netflix,9.2M views,8 months ago
Cyberpunk: Edgerunners | “I Really Want to Stay At Your House” by Rosa Walton | Music Video,9.3M views,3 months ago
All Quiet on the Western Front | Official Trailer | Netflix,9.2M views,3 months ago
You People | feat. Eddie Murphy and Jonah Hill | Official Trailer | Netflix,9.2M views,3 weeks ago
Before I Wake | Official Trailer | Netflix,9.2M views,5 years ago
Tallulah | Official Trailer [HD] | Netflix,9.1M views,6 years ago
The Unforgivable | Sandra Bullock | Official Trailer | Netflix,9.1M views,1 year ago
Okja | Official Trailer [HD] | Netflix,8.9M views,5 years ago
Death Note | Official Trailer [HD] | Netflix,8.8M views,5 years ago
That '90s Show | Official Trailer | Netflix,8.8M views,1 month ago
Polar | Official Trailer [HD] | Netflix,8.8M views,4 years ago
Magic For Humans | Justin Willman Makes This Guy Think He's Invisible | Netflix,8.8M views,4 years ago
To The Bone | Official Trailer [HD] | Netflix,8.8M views,5 years ago
Masters of the Universe: Revelation | Official Teaser | Netflix,8.7M views,1 year ago
Lost in Space | Official Trailer | Netflix,8.7M views,4 years ago
Spiderhead | Chris Hemsworth | Official Trailer | Netflix,8.7M views,8 months ago
Someone Great | Official Trailer [HD] | Netflix,8.6M views,3 years ago
Love Hard | Official Trailer | Netflix,8.6M views,1 year ago
The Witcher: Season 2 Teaser Trailer | Netflix,8.6M views,1 year ago
Kaam 25: DIVINE | Sacred Games | Netflix,63M views,4 years ago
Squid Game | Official Trailer | Netflix,51M views,1 year ago
Wednesday Addams | Dance Scene | Netflix,42M views,2 months ago
Our Planet | From Deserts to Grasslands | FULL EPISODE | Netflix,31M views,2 years ago
Wednesday Releases Thing In New York | Netflix,30M views,1 month ago
The Mitchells vs. The Machines | Official Trailer | Netflix,28M views,1 year ago
Bird Box | Official Trailer [HD] | Netflix,26M views,4 years ago
Our Planet | Forests | FULL EPISODE | Netflix,26M views,2 years ago
Our Planet | Frozen Worlds | FULL EPISODE | Netflix,26M views,2 years ago
Stranger Things 2 | Official Final Trailer | Netflix,25M views,5 years ago
Our Planet | High Seas | FULL EPISODE | Netflix,24M views,2 years ago
All of Us Are Dead | Official Trailer | Netflix,23M views,1 year ago
El Camino: A Breaking Bad Movie | Official Trailer | Netflix,21M views,3 years ago
Our Planet | One Planet | FULL EPISODE | Netflix,21M views,2 years ago
Our Planet | Coastal Seas | FULL EPISODE | Netflix,21M views,2 years ago
#realityhigh | Official Trailer [HD] | Netflix,20M views,5 years ago
THE GRAY MAN | Official Trailer | Netflix,20M views,8 months ago
Cuties | Official Trailer | Netflix,18M views,2 years ago
The Kissing Booth Cast Kisses A Hairless Cat & Other Weird Stuff | Kiss & Tell | Netflix,18M views,4 years ago
Lust Stories | Official Trailer | Netflix,17M views,4 years ago
Wednesday Addams | Official Teaser | Netflix,17M views,5 months ago
Wednesday Addams | Season 2 Announcement | Netflix,17M views,2 weeks ago
Extraction | Official Trailer | Screenplay by JOE RUSSO Directed by SAM HARGRAVE | Netflix,17M views,2 years ago
"DON'T LOOK UP | Leonardo DiCaprio, Jennifer Lawrence | Official Trailer | Netflix",16M views,1 year ago
The Devil All The Time starring Tom Holland & Robert Pattinson | Official Trailer | Netflix,16M views,2 years ago
Army of the Dead | Official Trailer | Netflix,16M views,1 year ago
Narcos | Opening Credits [HD] | Netflix,16M views,7 years ago
DON’T LOOK UP | Official Teaser Trailer | Netflix,16M views,1 year ago
The Perfect Date | Official Trailer [HD] | Netflix,15M views,3 years ago
Man Vs Bee | Official Trailer | Netflix,15M views,8 months ago
"Pamela, a love story | Official Trailer | Netflix",1M views,2 weeks ago
Kings of Jo'burg: Season 2 | Official Trailer | Netflix,93K views,2 weeks ago
True Spirit | Official Trailer | Netflix,962K views,2 weeks ago
YOU: Season 4 Part 1 | Official Trailer | Netflix,4.6M views,2 weeks ago
The Snow Girl | Official Trailer | Netflix,193K views,2 weeks ago
Welcome back Bob!,1.4M views,2 weeks ago
New Year New Seasons | Official Trailer | Netflix,3.1M views,2 weeks ago
Wednesday Addams | Season 2 Announcement | Netflix,17M views,2 weeks ago
Freeridge | Official Teaser | Netflix,658K views,2 weeks ago
Bake Squad: Season 2 | Official Trailer | Netflix,47K views,2 weeks ago
Break Point | Official Trailer | Netflix,451K views,3 weeks ago
You People | feat. Eddie Murphy and Jonah Hill | Official Trailer | Netflix,9.2M views,3 weeks ago
JUNG_E | Official Trailer | Netflix,1.8M views,3 weeks ago
The Circle: Season 5 | Official Clip Shubbys Back | Netflix,31K views,3 weeks ago
Pressure Cooker | Official Trailer | Netflix,78K views,3 weeks ago
Sky Rojo: Season 3 | Official Trailer | Netflix,117K views,3 weeks ago
Ginny & Georgia | Season 1 Recap | Netflix,547K views,3 weeks ago
White Noise | Official Clip | Netflix,445K views,3 weeks ago
Netflix 2022 Year in Rewind,250K views,4 weeks ago
Interview from the Hair Chair: Debra Jo Rupp & Kurtwood Smith,466K views,4 weeks ago
"Roald Dahl's Matilda the Musical | Dance, Maggots, Dance! | Netflix",259K views,4 weeks ago
The Swimmers | Diving In | Netflix,52K views,4 weeks ago
My Next Guest with David Letterman and Volodymyr Zelenskyy | Full Episode | Netflix,579K views,1 month ago
Lindsay Lohan Reads Twelve Days of Christmas | Netflix,40K views,1 month ago
Roald Dahl's Matilda the Musical | Becoming Trunchbull | Netflix,169K views,1 month ago
Dance Monsters | Behind The Scenes | Netflix,165K views,1 month ago
That '90s Show | Official Trailer | Netflix,8.8M views,1 month ago
True Story | The Swimmers | Netflix,56K views,1 month ago
AlKhallat+ | Official Trailer | Netflix,222K views,1 month ago
Our Planet | Jungles | FULL EPISODE | Netflix,15M views,2 years ago
365 Days: This Day | Official Trailer | Netflix,14M views,9 months ago
7 Moments From SEX/LIFE That Make Us Blush | Netflix,14M views,1 year ago
Lucifer Season 5 | Official Trailer | Netflix,14M views,2 years ago
Netflix 2022 Movie Preview | Official Trailer,14M views,11 months ago
The Kissing Booth 2 | Official Sequel Trailer | Netflix,14M views,2 years ago
Gerald's Game | Official Trailer [HD] | Netflix,13M views,5 years ago
SAVE THE DATES | 2023 Films Preview | Official Trailer | Netflix,13M views,8 days ago
Glass Onion: A Knives Out Mystery | Official Trailer | Netflix,13M views,2 months ago
Enola Holmes | Official Trailer | Netflix,13M views,2 years ago
Beasts of No Nation | Official Trailer [HD] | Netflix,13M views,7 years ago
Marvel's Jessica Jones | Official Trailer [HD] | Netflix,13M views,7 years ago
Elite | Official Trailer | Netflix,13M views,4 years ago
13TH | FULL FEATURE | Netflix,13M views,2 years ago
Glass Onion: A Knives Out Mystery | Official Teaser Trailer | Netflix,13M views,4 months ago
Joey King & Jacob Elordi American vs. Australian Word Battle | The Kissing Booth | Netflix,13M views,4 years ago
Welcome to Our World | Celebrating Asian & Asian American Stories | Netflix,13M views,1 year ago
6 Underground starring Ryan Reynolds | Official Trailer | Netflix,13M views,3 years ago
Money Heist: Part 4 | Official Trailer | Netflix,13M views,2 years ago
Stranger Things | Cast Reacts: Virtual Reality [HD] | Netflix,13M views,6 years ago
Our Planet | Fresh Water | FULL EPISODE | Netflix,13M views,2 years ago
13 Reasons Why: Season 2 | Official Trailer | Netflix,13M views,4 years ago
The Umbrella Academy | Official Trailer | Netflix,12M views,4 years ago
Bright | Official Trailer | Netflix,12M views,5 years ago
Brain On Fire | Official Trailer [HD] | Netflix,12M views,4 years ago
Sex Education | Season 3 | Official Trailer | Netflix,12M views,1 year ago
TROLL | Official Trailer | Netflix,12M views,2 months ago
Marvel's Iron Fist | Official Trailer [HD] | Netflix,12M views,5 years ago
Sex Education: Season 2 | Official Trailer | Netflix,12M views,3 years ago
Insatiable | Official Trailer | Netflix,12M views,4 years ago
Explained | The Stock Market | FULL EPISODE | Netflix,12M views,2 years ago
One Story Away | Netflix,12M views,2 years ago
Ozark | Official Trailer [HD] | Netflix,11M views,5 years ago
The Kissing Booth 3 Exclusive Sneak Peek | Netflix,11M views,2 years ago
D Smoke Stuns in the Finale with Last Supper | Rhythm + Flow | Netflix,11M views,3 years ago
SPOILER ALERT | Cast Try Stranger Thing 3 Video Game for the First Time | Netflix,11M views,3 years ago
Murder Mystery | Trailer | Netflix,11M views,3 years ago
Marvel's Daredevil | Official Trailer [HD] | Netflix,11M views,7 years ago
THE CUPHEAD SHOW! | Official Trailer | Netflix,11M views,1 year ago
Project Power starring Jamie Foxx | Official Trailer | Netflix,11M views,2 years ago
1899 | Official Trailer | Netflix,11M views,3 months ago
JoJo’s Bizarre Adventure STONE OCEAN | Official Trailer | Netflix,10M views,1 year ago
Death Note | Teaser [HD] | Netflix,10M views,5 years ago
The Crown | Official Trailer | Netflix,10M views,6 years ago
The Social Dilemma | Official Trailer | Netflix,10M views,2 years ago
BLONDE | From Writer and Director Andrew Dominik | Official Trailer | Netflix,10M views,5 months ago
SENIOR YEAR starring Rebel Wilson | Official Trailer | Netflix,10M views,9 months ago
How It Ends | Official Trailer [HD] | Netflix,10M views,4 years ago
El Camino: A Breaking Bad Movie | Date Announcement | Netflix,10M views,3 years ago
The Irishman | Official Trailer | Netflix,10M views,3 years ago
The Half of It | Official Trailer | Netflix,10M views,2 years ago
Cargo | Official Trailer [HD] | Netflix,10M views,4 years ago
Never Have I Ever | Official Trailer | Netflix,10M views,2 years ago
The Old Guard | Official Trailer | Netflix,10M views,2 years ago
The Kissing Booth | Noah and Elle's First Kiss | Netflix,10M views,4 years ago
Stranger Things | Official Final Trailer | Netflix,10M views,6 years ago
The Crown | Season 5 Official Trailer | Netflix,10M views,3 months ago
The Man From Toronto | Kevin Hart and Woody Harrelson | Official Trailer | Netflix,9.8M views,7 months ago
The Ridiculous 6 | Official Trailer [HD] | Netflix,9.7M views,7 years ago
Chilling Adventures of Sabrina | Straight to Hell Music Video Trailer | Netflix,9.7M views,3 years ago
The Adam Project | Official Trailer | Netflix,9.6M views,10 months ago
The Platform | Main Trailer | Netflix,9.6M views,2 years ago
Lust Stories | Real Relationships | Netflix,9.6M views,4 years ago
Sense8 | Official Trailer [HD] | Netflix,9.6M views,7 years ago
TO ALL THE BOYS 2: P.S. I Still Love You | Official Sequel Trailer 2 | Netflix,9.5M views,3 years ago
Slumberland | Official Trailer | Netflix,9.5M views,3 months ago
Mowgli: Legend of the Jungle | Official Trailer [HD] | Netflix,9.4M views,4 years ago
iBoy | Official Trailer [HD] | Netflix,9.4M views,6 years ago
Our Universe | Official Trailer | Netflix,9.3M views,2 months ago
Money Heist: Part 3 | Official Trailer | Netflix,9.3M views,3 years ago
LOVE DEATH + ROBOTS VOLUME 3 | Official Trailer | Netflix,9.2M views,8 months ago
Cyberpunk: Edgerunners | “I Really Want to Stay At Your House” by Rosa Walton | Music Video,9.3M views,3 months ago
All Quiet on the Western Front | Official Trailer | Netflix,9.2M views,3 months ago
You People | feat. Eddie Murphy and Jonah Hill | Official Trailer | Netflix,9.2M views,3 weeks ago
Before I Wake | Official Trailer | Netflix,9.2M views,5 years ago
Tallulah | Official Trailer [HD] | Netflix,9.1M views,6 years ago
The Unforgivable | Sandra Bullock | Official Trailer | Netflix,9.1M views,1 year ago
Okja | Official Trailer [HD] | Netflix,8.9M views,5 years ago
Death Note | Official Trailer [HD] | Netflix,8.8M views,5 years ago
That '90s Show | Official Trailer | Netflix,8.8M views,1 month ago
Polar | Official Trailer [HD] | Netflix,8.8M views,4 years ago
Magic For Humans | Justin Willman Makes This Guy Think He's Invisible | Netflix,8.8M views,4 years ago
To The Bone | Official Trailer [HD] | Netflix,8.8M views,5 years ago
Masters of the Universe: Revelation | Official Teaser | Netflix,8.7M views,1 year ago
Lost in Space | Official Trailer | Netflix,8.7M views,4 years ago
Spiderhead | Chris Hemsworth | Official Trailer | Netflix,8.7M views,8 months ago
Someone Great | Official Trailer [HD] | Netflix,8.6M views,3 years ago
Love Hard | Official Trailer | Netflix,8.6M views,1 year ago
The Witcher: Season 2 Teaser Trailer | Netflix,8.6M views,1 year ago
Awesome God / God Only Knows ft. Bailee Madison & Kevin Quinn | A Week Away,8.5M views,1 year ago
The Sea Beast | Official Trailer | Netflix,8.5M views,7 months ago
Orange is the New Black | Stop Don't Talk To Me [HD] | Netflix,8.3M views,7 years ago
Extraction 2 | Official Tudum Teaser | Netflix,8.3M views,1 year ago
The Sandman | Official Trailer | Netflix,8.3M views,6 months ago
Outer Banks Hilarious Bloopers | Netflix,8.3M views,2 years ago
Purple Hearts | Official Trailer | Netflix,8.3M views,6 months ago
Feel the Beat | Official Trailer | Netflix,8.2M views,2 years ago
"Day Shift | Jamie Foxx, Dave Franco, and Snoop Dogg | Official Trailer | Netflix",8.1M views,6 months ago
Battle of the Boyfriends: Peter Kavinsky vs. Noah Flynn | Netflix,8.1M views,3 years ago
Money Heist: Part 5 | Date Announcement | Netflix,8.1M views,1 year ago
Triple Frontier | Official Trailer [HD] | Netflix,8M views,4 years ago
The Silence | Official Trailer [HD] | Netflix,8M views,3 years ago
LOVE DEATH + ROBOTS | Official Trailer | Netflix,8M views,3 years ago
Stranger Things Cast Gets Scared! | Netflix,7.9M views,6 years ago
You People | feat. Eddie Murphy and Jonah Hill | Official Teaser | Netflix,7.8M views,1 month ago
The Ritual | Official Trailer [HD] | Netflix,7.7M views,4 years ago
RED NOTICE | Official Trailer | Netflix,7.7M views,1 year ago
Harry & Meghan | Official Teaser | Netflix,7.6M views,1 month ago
The OA | Official Trailer [HD] | Netflix,7.6M views,6 years ago
The Kissing Booth 3 | Official Trailer | Netflix,7.6M views,1 year ago
Sierra Burgess Is A Loser | Official Trailer [HD] | Netflix,7.5M views,4 years ago
Vivo | Official Trailer | Netflix,7.5M views,1 year ago
The Adam Project | Official Teaser | Netflix,7.5M views,11 months ago
Sweet Home | Official Trailer | Netflix,7.5M views,2 years ago
1922 | Official Trailer [HD] | Netflix,7.5M views,5 years ago
Get Ready for Cobra Kai Season 3! Official Cast Recap of Season 1 & 2 | Netflix,7.4M views,2 years ago
Unbelievable | Official Trailer | Netflix,7.3M views,3 years ago
